{
  "nodes": 31,
  "edges": 215,
  "density": 0.46236559139784944,
  "connected_components": 1,
  "top_pagerank": [
    [
      "little_prince",
      0.11581589362369996
    ],
    [
      "neutral",
      0.09498405798434152
    ],
    [
      "curiosity",
      0.08761412356362701
    ],
    [
      "love",
      0.07185977236229858
    ],
    [
      "cluster_2",
      0.04812225873417601
    ],
    [
      "cluster_3",
      0.04345898996222378
    ],
    [
      "cluster_11",
      0.03479889569956314
    ],
    [
      "sadness",
      0.03330196458774982
    ],
    [
      "businessman",
      0.033252888346167075
    ],
    [
      "rose",
      0.032208443255371796
    ],
    [
      "fox",
      0.029777911169088303
    ],
    [
      "cluster_0",
      0.029208747351262263
    ],
    [
      "cluster_7",
      0.02857824229943428
    ],
    [
      "king",
      0.026966013802611995
    ],
    [
      "cluster_1",
      0.026515660334323364
    ],
    [
      "cluster_10",
      0.026469527646753865
    ],
    [
      "cluster_8",
      0.02545766259308818
    ],
    [
      "fear",
      0.023283999410012142
    ],
    [
      "cluster_6",
      0.022850215820429266
    ],
    [
      "cluster_9",
      0.02192731271394205
    ]
  ],
  "top_betweenness": [
    [
      "curiosity",
      0.07478007688161231
    ],
    [
      "neutral",
      0.051466959602977785
    ],
    [
      "cluster_3",
      0.03989263221026689
    ],
    [
      "cluster_6",
      0.03765839641479447
    ],
    [
      "king",
      0.03114855109478527
    ],
    [
      "love",
      0.029558293556380715
    ],
    [
      "sadness",
      0.027568476001759365
    ],
    [
      "little_prince",
      0.027323954834424135
    ],
    [
      "cluster_1",
      0.026625378316688233
    ],
    [
      "cluster_8",
      0.026625378316688233
    ],
    [
      "cluster_11",
      0.021113361597774962
    ],
    [
      "cluster_10",
      0.017113179149316652
    ],
    [
      "cluster_0",
      0.017018305950995176
    ],
    [
      "rose",
      0.016272412844748275
    ],
    [
      "cluster_2",
      0.015209798103610216
    ],
    [
      "cluster_9",
      0.01504523010494203
    ],
    [
      "fox",
      0.012129736008624605
    ],
    [
      "businessman",
      0.011779553643277353
    ],
    [
      "cluster_5",
      0.010711550764929648
    ],
    [
      "conceited_man",
      0.010524928806314428
    ]
  ],
  "top_degree": [
    [
      "curiosity",
      24
    ],
    [
      "neutral",
      20
    ],
    [
      "love",
      19
    ],
    [
      "sadness",
      19
    ],
    [
      "little_prince",
      18
    ],
    [
      "cluster_3",
      18
    ],
    [
      "king",
      17
    ],
    [
      "cluster_6",
      17
    ],
    [
      "cluster_11",
      16
    ],
    [
      "cluster_1",
      16
    ],
    [
      "cluster_8",
      16
    ],
    [
      "rose",
      15
    ],
    [
      "businessman",
      15
    ],
    [
      "cluster_10",
      15
    ],
    [
      "cluster_0",
      15
    ],
    [
      "conceited_man",
      13
    ],
    [
      "fear",
      13
    ],
    [
      "fox",
      13
    ],
    [
      "cluster_2",
      13
    ],
    [
      "cluster_9",
      13
    ]
  ]
}